ID,NAME,EMAIL,PHONE_NUMBER,PAYMENT_CARD_NUMBER,CVV,DOB,IP_ADDRESS,INDIAN_MOBILE,AADHAAR,PAN_CARD,VOTER_ID,IFSC_CODE,INDIAN_BANK_ACCOUNT
1,Stuvan Gandhi,miraya65@yahoo.com,9.15497E+11,3723 3693 8950 4030,617,19-10-1990,213.13.113.13,9.16671E+11,7099 1465 9020,CRDVP8134D,MRF7636256,FUVB08CHV95,5.27965E+17
2,Hazel Bhandari,zaina26@gmail.com,9.17895E+11,1439 8032 4387 5964,492,26-06-1978,35.156.149.229,9.1648E+11,1186 1633 3924,XBXJC4356C,POS5464216,CYFY0HWNMVP,8.63361E+17
3,Trisha Chaudry,ritvikjayaraman@bera-rastogi.com,9.17947E+11,7103 6719 8252 7719,830,18-03-1990,170.227.224.247,9.17824E+11,5455 8741 1490,WFLIX4835Y,OOP6390252,NTLT0ORJCNN,8.43483E+16
4,Navya Sarin,rohan52@gmail.com,5362061370,9756 8068 7434 4007,140,2/6/1958,7.121.92.97,9.19768E+11,5242 1389 7948,DBXHH3586J,ETY8330385,VGDX03GMYLH,9.8115E+17
5,Keya Bal,jayaramanmohanlal@gmail.com,9.12729E+11,9663 7604 1353 5441,636,5/6/1992,177.166.107.18,9.17782E+11,4334 6578 5123,LEYYQ4133Z,ZJC1007475,HHPY0N2CFMY,7.20605E+17
6,Vivaan Desai,vihaanbhatia@hotmail.com,9.14915E+11,8290 1397 3362 3197,149,25-02-1969,166.178.40.37,9.16493E+11,3722 4777 4191,WBWBC6391I,PPS7906586,FLQZ0M3WTII,2.07991E+17
7,Suhana Dara,myradyal@sodhi.net,8310990175,3372 1834 8146 5978,423,14-06-2005,183.184.234.15,9.16822E+11,5586 1416 8985,CIFWJ3958D,YEQ1713487,ZXPF0H9MUJB,7.14893E+17
8,Ehsaan Sarraf,nganguly@lata-varkey.biz,2619213677,9753 7610 1301 5576,600,1/3/1986,201.123.45.10,9.18747E+11,1985 8888 9991,VAIIV5126M,ZMJ6878803,XEKJ0H2TZ4R,6.68264E+17
9,Ayesha Kalla,armaanmanne@gmail.com,5480003951,3734 3326 4183 7274,459,18-11-1955,142.64.154.90,9.18879E+11,1937 8838 1099,UQCDX5091H,RFJ9007581,NKYB03K9LOH,4.17574E+16
10,Dhanush Mahal,sanghasahil@chadha-hayre.net,9.13582E+11,4695 4541 3031 8959,911,2/5/1987,23.7.147.94,9.16876E+11,6743 6020 5529,GZYXC8162Y,HMZ4274017,KBOR0R6NUUS,1.38501E+17
11,Prisha Chana,eshani32@cheema.org,9.12795E+11,5186 6472 1289 3528,472,15-07-1975,203.132.13.168,9.17475E+11,1651 7382 5655,XACIF9482H,JRU8944974,KNGO0X66ZIY,1.21289E+17
12,Zoya Manne,idasgupta@yahoo.com,9.14247E+11,1297 5277 5497 3698,352,5/10/1997,115.54.4.184,9.19411E+11,5012 9577 4951,PJERK4913O,ICT6679537,TSCS0VQZCWE,6.45185E+17
13,Mamooty Solanki,adirasandhu@saxena.com,6421178827,1357 2751 7446 2682,489,23-09-1964,88.140.96.14,9.16376E+11,6981 7767 1008,CABRH9993S,XTH7078504,COIU06O6DYO,7.19997E+17
14,Kiaan Brar,aarush96@gandhi-chakrabarti.com,9.18363E+11,4857 4487 4276 5810,573,14-03-1963,25.150.33.142,9.18622E+11,6489 5529 2062,NBJRS7963T,TGT4272178,LNYY0410LAD,8.85359E+17
15,Taran Chowdhury,sahilkohli@som-sankaran.com,2350112903,2975 2489 8623 5717,845,17-05-1989,111.139.213.48,9.19791E+11,4012 7638 2334,VFBGE7363E,APV8463957,OKVH0K0D3DZ,4.80548E+17
16,Kavya Dhar,anahita20@gmail.com,3496401529,2513 9706 9781 9156,739,23-06-1965,152.13.114.73,9.17678E+11,8807 5554 9677,QUBWN6965I,TKH4501662,NENS0091JXO,9.43837E+17
17,Ranbir Salvi,shanaya41@hotmail.com,6404526350,3781 8614 9763 4254,336,10/6/1973,215.185.97.125,9.19804E+11,5595 5565 2753,MWXTW3150Z,RUJ6928831,YOOY02WYH6X,3.4973E+17
18,Bhavin Bala,purabramachandran@hotmail.com,648999611,6092 9250 7972 1441,162,11/5/1983,54.209.146.91,9.17708E+11,2169 5241 6283,MJAVQ2308U,YBK1861420,OHWL09PBJSJ,1.91481E+17
19,Nayantara Lal,kismatshroff@gmail.com,744467847,4481 9793 3107 3607,446,17-03-1992,105.177.147.175,9.17516E+11,1492 4539 4168,PDKUD1168R,KTG3337010,CELC0D95B7F,6.82933E+17
20,Shalv Tata,onkar87@gmail.com,1001584300,7985 5832 4325 6563,810,7/9/1954,37.2.21.97,9.17256E+11,7081 6017 2694,KBNIC2238E,PYW9950619,PWMF07LCH4F,9.7049E+17
21,Vritika Raman,aradhya61@dara.com,154757473,6453 1548 2910 4160,272,12/5/1959,143.48.62.97,9.16129E+11,1377 9577 6576,UMBYC8318K,EQC5660321,YWNN0QFEWKT,8.20787E+17
22,Nitara Srivastava,jgill@gmail.com,7888506043,4201 7507 2811 3149,117,2/5/2003,147.142.171.209,9.16009E+11,2849 8645 8848,RQEYQ2196B,KQP1694552,MVJJ0MPOCT2,5.64859E+17
23,Alia Wason,duttaromil@bora.org,9.16866E+11,2517 4669 1965 4950,150,8/7/2003,152.21.29.179,9.19795E+11,1511 8508 5072,BOLKF2562Z,ZBB6701794,SMUP07CITE9,5.31466E+17
24,Vidur Sarma,lgoda@hotmail.com,4634313583,7368 1756 9875 2892,465,15-02-1969,19.25.148.138,9.16452E+11,4559 2076 6583,PYDXK2966L,NUX3293480,ZPSZ0Q2N80I,7.50275E+17
25,Neysa Kapur,othakur@rama.net,833479712,8177 4059 3256 9382,939,23-10-1949,191.107.244.4,9.18684E+11,4199 2740 8595,TPQXD4323K,VNC4071996,TRZX0UYS0TZ,1.77223E+17
26,Seher Roy,sborde@goswami.com,7727402069,1182 8687 8518 5751,862,20-03-2001,150.123.119.79,9.18351E+11,4523 8176 2235,UAXIU2610U,ONS3749829,PKCY03CCJN0,3.58629E+17
27,Zaina Goel,dmanda@hotmail.com,7893090454,7563 5374 5574 7469,156,1/8/1955,126.162.55.177,9.17426E+11,7220 5010 8534,CUOEO9735F,CQP9378121,INKA0WEZPQ7,3.45496E+17
28,Eshani Dasgupta,suhanasubramaniam@yahoo.com,1645008541,9700 3143 9098 7925,847,13-12-1990,100.182.98.7,9.17318E+11,3204 3438 8241,ZARYH9079A,SCG5116036,JGVR071FM83,3.20695E+17
29,Zeeshan Mani,fviswanathan@gmail.com,7984228177,7430 4437 1010 6367,787,8/10/1955,186.97.24.74,9.19013E+11,6340 7970 4108,SCRBS1443N,HGT1449168,MVZU03IU6UP,4.66056E+17
30,Hiran Dada,rohanbava@gmail.com,6899724492,1305 2952 4819 3293,305,31-01-1980,208.176.166.144,9.17893E+11,8316 6630 2014,USZDA6160C,ZKA1848999,TPVR0P9KQN1,7.89042E+17
31,Sumer Sidhu,upadhyaysuhana@dhar.org,4287799387,9229 2817 3828 1999,786,24-10-1949,158.237.249.27,9.18657E+11,4886 2481 2833,QGGJO3816K,DTN3362127,DKNM0HYX185,1.51004E+17
32,Piya Arya,lavanya82@dhawan-kadakia.com,9.15114E+11,2370 4752 3036 4739,289,24-05-2004,96.100.202.212,9.19157E+11,9197 7787 3674,RVISU7670H,UUC4130057,XCSZ0URMGDO,5.88731E+16
33,Divij Kala,ryan93@varma.com,9.12078E+11,5090 7324 7069 7872,158,9/7/1963,170.201.154.7,9.17446E+11,3585 8439 7812,ABENJ2163G,CVS4566427,WCKE0CX19E9,8.37517E+17
34,Nirvaan Sani,dloke@hotmail.com,8963547562,6341 8258 1929 3111,599,11/8/1959,55.167.239.176,9.16756E+11,3660 4759 8043,TOJQJ7766G,UER1894305,BTMR091UDIJ,8.09024E+17
35,Mannat Dugar,ejoshi@malhotra.com,9.12616E+11,6014 4627 4582 8333,439,20-08-1984,150.98.121.154,9.16794E+11,1959 6954 1510,AVYAI2788Q,GBC9812198,WDJZ0DDQ468,7.33802E+17
36,Shlok Subramanian,shankermishti@vaidya.info,9.17514E+11,7071 8123 6700 4073,176,23-12-1950,73.126.120.252,9.1893E+11,6697 5136 9953,FJYPW4450P,ZGR8357617,QMYJ0ZCJZFS,9.20516E+17
37,Dhanush Mall,qahluwalia@gmail.com,9.17465E+11,6680 5119 8639 3892,860,8/6/1990,221.44.204.227,9.18341E+11,9138 7343 3418,YCZRZ3051K,JMB4857767,AHZA0FIVHW7,2.58836E+17
38,Zara Bhardwaj,toorpihu@dugal.com,9.19455E+11,3736 3138 4021 8626,298,16-06-1998,75.96.134.136,9.19548E+11,6968 5981 4174,CLIAS7343B,KWO9366406,ZRGN06P7ZTP,6.18108E+17
39,Dhruv Sachdeva,arout@hotmail.com,6971917251,6163 3982 6986 4984,542,21-06-1982,143.198.88.133,9.19088E+11,2001 9164 7827,RPWEX5459Q,BAN2098454,BIJR0KJIVJ0,9.64524E+17
40,Dhanuk Dada,charvi13@yahoo.com,6911058216,8559 8952 1891 6519,857,13-01-1962,202.79.35.0,9.18483E+11,7218 6919 8104,OOIKP7865K,MJI7916492,SBYE05DU8KM,1.09369E+17
41,Darshit Gala,sanefaiyaz@yahoo.com,3784704359,6346 5151 6608 8841,160,26-07-1960,104.195.204.193,9.17359E+11,7452 4332 8842,HARKU6777E,QQR9480220,YYKP0LKGFMD,1.72176E+17
42,Mannat Wason,gokhalemanikya@gmail.com,3188457956,5573 2374 3231 9911,501,9/10/1976,140.231.135.216,9.18995E+11,9353 7866 7296,ONHKJ3581A,KZE5085692,SPKD0GJG0SR,2.83693E+17
43,Bhavin Edwin,ksem@kade.biz,2518394332,6303 1120 6966 3991,287,8/9/1990,89.169.23.94,9.18688E+11,5609 9409 6388,OEMTW2886E,SLO8857932,NLUL0444EWV,8.81349E+17
44,Adira Kumer,aliadalia@yahoo.com,3603465984,8567 6931 5916 1860,345,23-12-2002,78.238.232.61,9.1842E+11,4089 2340 2235,YATZR6537L,DGA2268315,HEYK0KUMUUI,3.47591E+17
45,Taran Butala,oorjabarad@gmail.com,190113603,6499 4166 5684 2240,611,5/12/1960,220.2.240.152,9.1847E+11,8281 7305 8535,MDTPE5037N,HIO5675868,UBAW0116I9H,4.82987E+17
46,Lavanya Johal,anaysrinivas@jani-bajwa.com,2356841876,7184 6664 8337 2659,923,14-11-1959,170.84.239.243,9.17746E+11,7664 3365 9605,JRCDJ9714M,NON8048850,XOGN087QYHR,1.90823E+17
47,Advika Banerjee,samiha96@yahoo.com,7238695753,3532 2714 3031 4864,927,11/10/1953,192.186.175.159,9.17616E+11,4843 2815 8016,SJGLT8282L,RKK9230926,VAXU053P7SK,1.1431E+17
48,Biju Rattan,mandalkeya@sunder.org,7951884023,7562 3705 9667 8270,560,30-09-1984,104.72.119.93,9.16174E+11,9474 1212 5378,OTHDR8357U,DDN8520526,DQLU0MZD9TO,6.95174E+17
49,Kartik Sandal,jiyadora@gole.com,1080593519,3669 4273 2387 6301,832,27-03-1952,29.55.88.175,9.16742E+11,6230 2276 9590,WFLPU4021H,OZX9448700,YUZS0KDBYKT,4.4187E+17
50,Dharmajan Dixit,indranilsahota@yahoo.com,7219349149,3198 5285 4336 8662,276,6/6/1958,113.48.224.81,9.19648E+11,9435 5330 1082,IGWWP9254R,UCP9169074,YYPU0MOSOLV,9.96192E+17
51,Aradhya Dash,mahika31@gmail.com,8223710455,5520 7473 9762 1963,920,13-07-1952,21.48.170.235,9.16091E+11,7141 9154 4190,XEGJZ2657G,TRQ6969809,LOBZ0O1A8Y6,3.99796E+17
52,Yuvaan Barad,jganesan@yahoo.com,6585957865,1200 9189 3444 8142,542,21-03-1969,9.80.19.230,9.16751E+11,9863 4745 5186,IWQVO5709E,LHS5355165,PEXU05PXRUU,4.06444E+17
53,Arhaan Dhar,zarasandal@dugar-shroff.com,4157551524,7354 2014 2470 1204,756,16-07-1977,216.139.174.142,9.17662E+11,7220 2271 2701,PQPNT5472P,UBH4495276,WFPI0PWG1HW,5.06589E+17
54,Anahi Sagar,kuruvillasamarth@yahoo.com,1846558626,8870 3587 5430 5665,721,26-04-1974,12.129.170.213,9.19989E+11,7305 5027 3527,ZXVFH4735V,FLH9317780,BCBU0WE2EIL,8.06786E+17
55,Tara Basu,kartiksodhi@deshpande.com,4382934840,2934 5618 2454 9150,534,21-08-1993,168.5.106.198,9.19238E+11,1496 3058 9964,GCYPH5050Q,RNF4328491,LHFV01QVCHH,2.13104E+17
56,Nitara Andra,manikyalal@reddy.com,7828640227,7444 9035 8169 6536,869,9/5/1981,38.188.113.82,9.19899E+11,1265 4360 6271,ARJJB7024T,OOB4722440,SZSW0Y7OI2V,5.36282E+17
57,Damini Dyal,ddhar@mangat.biz,9.19029E+11,1913 1068 8235 8338,175,6/6/1997,107.176.101.105,9.16771E+11,8879 1188 9080,ZRBWI7318A,JKN9745143,WOED0W1K5LV,5.18741E+17
58,Jivin Saxena,ldewan@dasgupta.biz,9.18484E+11,3032 7847 2938 6482,172,18-12-1959,148.13.216.248,9.19844E+11,7451 4823 4379,NPNMC8326I,MZN7135556,PKAP09R65OL,3.37666E+17
59,Trisha Kibe,lakshitlall@krishnamurthy.info,9.19771E+11,5830 4298 6037 7680,348,26-04-1962,8.182.219.192,9.18036E+11,3635 9912 4518,MFJNQ2443N,YKS4143259,AKDZ003OFT9,1.95354E+17
60,Fateh Sandal,dhanuk34@gmail.com,7554500075,5935 6071 5514 6338,426,16-04-1946,196.196.24.83,9.18088E+11,7486 4327 2399,TYOIV3014N,AOW1826733,DUUI07N0O83,3.16455E+17
61,Ojas Ahuja,evenkataraman@devan.com,9.17356E+11,7895 6801 7765 3042,810,23-01-1953,88.30.98.107,9.17965E+11,6058 7536 3870,OEQBW7218X,INX3854188,SLXG0ET9C16,9.64144E+17
62,Samar Gaba,madanmamooty@aggarwal-bhatti.com,9.14448E+11,3763 5113 8077 7440,826,5/3/1994,186.175.161.57,9.18456E+11,3276 1801 2994,YRTME1436I,XHS1154499,EALN049ACK6,7.47362E+17
63,Akarsh Randhawa,saanvidugar@dutta.biz,9.17553E+11,5268 3139 9066 4327,281,19-10-1970,20.65.67.112,9.19131E+11,9364 5492 7657,NOOBX4533I,DMP6805404,LABQ0LTI2E2,2.15191E+17
64,Vardaniya Kalita,avasa@das.biz,9.17969E+11,4965 7268 9344 4316,419,8/4/1995,201.9.180.171,9.19698E+11,1163 3829 1281,PPDYC4020P,IUA8667002,NLJK0IV3NAX,2.84898E+17
65,Reyansh Bhatti,saininitara@hotmail.com,7142785043,2249 2386 2227 3797,434,5/8/1991,117.9.119.249,9.17867E+11,4793 7413 9518,RBQUS2394O,ZDE5925239,QXBX0LUTJ7Y,3.97721E+17
66,Mishti Goel,hansh19@yahoo.com,219421435,8273 7066 7719 8777,217,11/1/1988,148.145.7.10,9.16843E+11,3948 4912 4889,OQVXV3808N,QJF2074756,AOTB0VEQTHT,5.77426E+17
67,Madhav Ghose,vritikabal@gmail.com,8904354461,3680 6598 1352 7874,248,9/12/1976,161.245.37.64,9.16155E+11,2873 5402 6351,FJJUP6852R,VMD1147384,EFPW0ZAQASK,6.66403E+17
68,Shamik Rajan,madhavhora@gokhale-dada.com,9.18667E+11,3835 3710 4245 1242,385,6/4/2004,71.20.80.112,9.18062E+11,7652 5158 4911,SMIXN2994K,UAY6597200,ELYP05ROT7Q,3.31736E+17
69,Anaya Loyal,lkhanna@sodhi.com,8065469775,7158 4389 2373 9518,531,1/5/1997,130.46.219.7,9.16537E+11,1719 1332 4174,DITUV9973X,OIV9798044,BGGA0WG34O9,4.57655E+17
70,Dhruv Tak,khushi29@gmail.com,2939928579,8833 6077 5275 3237,243,28-03-1970,212.75.221.44,9.16757E+11,1491 7203 4344,HSVGL8547V,DBL3937329,GXIO0DQ2VB1,1.1096E+16
71,Kiaan Sharaf,sandhukeya@hotmail.com,8033129159,8847 6787 8810 4244,325,9/1/1994,214.161.31.79,9.16261E+11,3172 7781 1911,RNMZY7471N,DCZ6273279,YRFO01AM96J,7.74741E+16
72,Ahana  Saini,inaaya-43@hotmail.com,502815868,6519 5475 6684 2179,719,4/3/1974,187.27.10.69,9.1716E+11,5258 4323 4050,LFFIZ9864W,BTH3725769,LUDU0L4ZRT9,5.2587E+17
73,Indranil Upadhyay,ndeol@dewan.net,4793683706,3328 5213 1211 7661,678,7/11/1972,198.141.246.193,9.1977E+11,5677 2210 7755,VPCWI9425V,KKL6982998,ZJHC0EO7WBA,9.22891E+17
74,Divit Karan,rattanriaan@hotmail.com,620877077,2511 7364 7673 4445,476,18-06-1947,96.19.116.62,9.17747E+11,9269 9326 7943,ASWOC1383W,QAA6634477,IJLN03ZK264,9.10822E+17
75,Anya Tata,riyagoel@sabharwal-shroff.org,9.15999E+11,5265 5560 3778 9826,322,18-12-1984,207.33.9.205,9.17832E+11,8134 1179 2241,XGZOF2291M,IZU6713180,RROA0FF2I40,3.77539E+16
76,Yashvi Vig,arnavshere@yahoo.com,9.17229E+11,7912 4805 6529 1261,182,18-06-1960,24.100.222.133,9.18087E+11,3935 1279 8663,WDFDN5700Q,BWJ9355119,SBBN0VYTV2S,5.82453E+17
77,Vedika Saxena,sjain@hotmail.com,872345575,8854 4664 5221 7542,365,19-06-2005,56.96.224.111,9.18554E+11,8579 5647 5254,IESFR1755Z,OEP4513805,QQLQ0FSSQWX,5.00332E+17
78,Dharmajan Thaker,kantindrajit@sane.biz,9.14739E+11,6101 6586 6748 7210,234,24-07-1957,123.80.94.63,9.17641E+11,7456 1442 7167,DYGQW6909G,TOC1254932,ZBQN0BJGQL1,3.19968E+17
79,Arhaan Chatterjee,gokul56@hotmail.com,9.10225E+11,4915 3684 7638 8424,283,24-11-1968,194.100.140.167,9.19806E+11,9518 7146 9855,XBVVR6111F,BRH3016181,NDFU082XV4S,5.49721E+17
80,Amani Subramaniam,kalitahrishita@kaur.biz,4728299419,6910 8399 2812 9359,241,23-02-1993,57.146.250.155,9.1716E+11,3585 3120 1584,CBPBG2473T,FYH4439540,PMIG0IF76P6,5.78652E+17
81,Himmat Rajan,dvarkey@yogi-mangat.com,5694476689,6398 3082 9625 5371,726,6/4/1973,95.206.177.95,9.16909E+11,3417 7936 9200,YSXJQ8922Z,UTI7513756,NUNZ0DHVI5J,4.85418E+17
82,Ishaan Trivedi,rhea87@barad.com,186278644,1594 7394 9634 8214,671,21-03-1991,55.251.89.38,9.16533E+11,1739 3810 3931,ZIFKB2552D,YPF6138667,KPRS0GHN0K0,1.4331E+17
83,Rhea Rajagopal,rguha@sandal-bala.info,1505526569,6172 4360 8832 8259,291,7/5/1990,204.169.85.224,9.18505E+11,4310 8688 5262,CXZNK9163R,VEE4123642,YKQB0N33ICN,3.06939E+17
84,Bhavin Deshpande,dhanuk79@shan-bains.info,8808449795,5999 7634 4211 1075,745,22-05-1974,137.225.101.255,9.18301E+11,4254 6873 1616,ZAOVT1869O,EGZ6687903,JLVL0SKLF5G,6.11489E+17
85,Neysa Kannan,esen@goswami.com,5806606798,3742 3137 5209 8584,607,2/5/1951,163.159.145.212,9.18405E+11,5126 7996 2231,FEPTW8442T,JVR2234675,UZUS0YCFAR1,6.93474E+17
86,Diya Bal,qkarpe@gmail.com,3334872512,5469 2728 2576 8817,263,23-01-2006,208.232.209.41,9.18491E+11,3356 7093 3304,BKWJH9603J,VFW9221524,MNSN09MO2OT,9.94606E+17
87,Aarush Raja,kiararajagopal@wadhwa.net,4864316008,6228 7165 3354 8100,815,4/8/2003,38.233.23.240,9.17784E+11,9682 2218 4653,HKXYU1738U,GBM5427010,HQFR082KWBM,6.19358E+16
88,Pranay Brahmbhatt,thayer@mani.info,1860645647,7651 2075 1495 1356,923,2/1/1989,212.128.198.13,9.17535E+11,8508 5929 7182,NFWUF4386L,HQW2354537,NQBY0BF431L,4.39959E+17
89,Drishya Deep,gatikmalhotra@yahoo.com,9023119854,3048 8593 4038 6378,682,30-08-1960,128.53.89.164,9.16268E+11,7420 7573 7631,SYWGP8030J,IWQ6128087,FVAL0PIWVKM,8.69055E+16
90,Raunak Jain,gsoni@dixit-choudhry.biz,2853025463,4549 6673 9127 4219,889,21-10-1961,143.131.75.80,9.17392E+11,4724 5382 9652,UQRKH9485U,TJD4151822,CVPS0L876BY,2.72976E+17
91,Reyansh Solanki,tankmanjari@yahoo.com,9.10347E+11,9252 1953 3316 5288,512,14-01-2006,76.59.142.255,9.1624E+11,2330 6798 2114,VGIQN4655I,HCK3511152,RFYY0ZIDT4U,5.08156E+17
92,Abram Sampath,raydamini@ghosh.com,9.18662E+11,8000 1474 2707 1256,178,8/12/1954,18.15.125.50,9.1813E+11,6641 6017 7504,RGPSL4477T,TXQ2729488,CABC0JAWLMU,4.77859E+17
93,Manikya Varma,zmann@gmail.com,9122758805,8174 5444 5146 8383,587,22-03-1996,173.20.17.32,9.19705E+11,1154 9731 4004,NYKXG6418J,VJY9823422,GYNO0GA3NLE,1.25299E+17
94,Abram Rastogi,hgour@rajan.com,9.12094E+11,9970 2083 5767 6967,344,3/10/1979,38.16.93.248,9.17339E+11,3520 4892 7402,EQKZJ1953G,CHP5235355,ANFU01AZCC5,3.3716E+17
95,Amira Magar,advikasridhar@gmail.com,3427479637,8803 2243 3394 2396,660,12/1/1994,10.20.117.107,9.19583E+11,4192 8550 3846,LBQSP3826O,LSL9812316,PHKO0WK4U3A,2.06557E+17
96,Advika Borde,cswamy@badami.info,9.19611E+11,4934 7790 5167 1835,301,10/6/1972,139.64.82.120,9.18917E+11,3562 9240 6041,MZILJ8021M,HPX5679792,OCON0QNFEAT,9.17854E+17
97,Kanav Sidhu,ilala@bal.net,9.1423E+11,3737 6714 2937 3088,672,6/2/1949,179.179.51.120,9.17356E+11,4274 3529 2184,KFMQG9799S,JNM5233969,VRCQ0TWKXMA,3.21496E+17
98,Devansh Vora,mannat97@kata.net,9.13555E+11,8734 8513 2911 8017,302,27-10-1954,209.8.174.129,9.19627E+11,3837 2282 8888,BCVLG4268O,DFW9674581,FIQZ0S3RIKH,8.17298E+17
99,Kanav Tata,echada@choudhry.org,8262413086,9535 2673 1351 5595,281,18-03-1963,63.55.102.203,9.19211E+11,8331 7529 6069,LFFVT3173N,UEP6503464,EIHY0KWUQ7B,1.87031E+17
100,Madhav Ravel,indraniltiwari@devi.com,6332433301,7917 3735 3393 3490,997,23-03-1959,153.154.159.53,9.1788E+11,8443 9777 3780,CAPIP6618G,XSE5160682,PHIY0HA08WK,8.09694E+17
